-- ============================================================
-- Padion Seed Data – Premier Padel Tour 2025
-- ============================================================

-- Players (20 real Premier Padel names)
INSERT INTO players (id, name, country, ranking, position) VALUES
  ('00000001-0000-0000-0000-000000000001', 'Juan Lebrón',          'ES', 1,  'left'),
  ('00000001-0000-0000-0000-000000000002', 'Alejandro Galán',      'ES', 2,  'right'),
  ('00000001-0000-0000-0000-000000000003', 'Arturo Coello',        'ES', 3,  'left'),
  ('00000001-0000-0000-0000-000000000004', 'Agustín Tapia',        'AR', 4,  'right'),
  ('00000001-0000-0000-0000-000000000005', 'Federico Chingotto',   'AR', 5,  'right'),
  ('00000001-0000-0000-0000-000000000006', 'Juan Tello',           'AR', 6,  'left'),
  ('00000001-0000-0000-0000-000000000007', 'Martín Di Nenno',      'AR', 7,  'left'),
  ('00000001-0000-0000-0000-000000000008', 'Franco Stupaczuk',     'AR', 8,  'right'),
  ('00000001-0000-0000-0000-000000000009', 'Paquito Navarro',      'ES', 9,  'right'),
  ('00000001-0000-0000-0000-000000000010', 'Sanyo Gutiérrez',      'AR', 10, 'left'),
  ('00000001-0000-0000-0000-000000000011', 'Miguel Yanguas',       'ES', 11, 'left'),
  ('00000001-0000-0000-0000-000000000012', 'Javi Rico',            'ES', 12, 'right'),
  ('00000001-0000-0000-0000-000000000013', 'Álex Ruiz',            'ES', 13, 'right'),
  ('00000001-0000-0000-0000-000000000014', 'Jon Sanz',             'ES', 14, 'left'),
  ('00000001-0000-0000-0000-000000000015', 'Jorge Nieto',          'ES', 15, 'right'),
  ('00000001-0000-0000-0000-000000000016', 'Fede Quiles',          'ES', 16, 'left'),
  ('00000001-0000-0000-0000-000000000017', 'Momo González',        'ES', 17, 'right'),
  ('00000001-0000-0000-0000-000000000018', 'Lucho Capra',          'AR', 18, 'left'),
  ('00000001-0000-0000-0000-000000000019', 'Bela González',        'ES', 19, 'right'),
  ('00000001-0000-0000-0000-000000000020', 'José Rico',            'ES', 20, 'left');

-- Tournaments (5 tournaments: 2 completed, 1 live, 2 upcoming)
INSERT INTO tournaments (id, name, location, country, category, status, start_date, end_date, draw_size, surface, prize_money) VALUES
  ('00000002-0000-0000-0000-000000000001', 'Estrella Damm Menorca Open',   'Menorca',     'ES', 'p1',    'completed', '2025-02-10', '2025-02-16', 32, 'outdoor', 'CHF 120''000'),
  ('00000002-0000-0000-0000-000000000002', 'Qatar Major',                  'Doha',        'QA', 'major', 'completed', '2025-03-03', '2025-03-09', 32, 'indoor',  'CHF 450''000'),
  ('00000002-0000-0000-0000-000000000003', 'Zürich Premier Padel P1',      'Zürich',      'CH', 'p1',    'live',      '2025-03-17', '2025-03-23', 32, 'indoor',  'CHF 130''000'),
  ('00000002-0000-0000-0000-000000000004', 'Roma Premier Padel Major',     'Rom',         'IT', 'major', 'upcoming',  '2025-04-07', '2025-04-13', 32, 'outdoor', 'CHF 500''000'),
  ('00000002-0000-0000-0000-000000000005', 'Paris Premier Padel P2',       'Paris',       'FR', 'p2',    'upcoming',  '2025-04-28', '2025-05-04', 32, 'indoor',  'CHF 80''000');

-- ============================================================
-- Matches – Menorca Open (completed)
-- ============================================================
INSERT INTO matches (id, tournament_id, team1_player1, team1_player2, team2_player1, team2_player2, score, status, round, court, scheduled_at, completed_at, winner_team) VALUES
  ('00000003-0000-0000-0000-000000000001',
   '00000002-0000-0000-0000-000000000001',
   '00000001-0000-0000-0000-000000000001', '00000001-0000-0000-0000-000000000002',
   '00000001-0000-0000-0000-000000000003', '00000001-0000-0000-0000-000000000004',
   '{"sets":[{"team1":6,"team2":4},{"team1":6,"team2":3}]}',
   'completed', 'final', 'Court Central',
   '2025-02-16 15:00:00+00', '2025-02-16 17:05:00+00', 1),

  ('00000003-0000-0000-0000-000000000002',
   '00000002-0000-0000-0000-000000000001',
   '00000001-0000-0000-0000-000000000001', '00000001-0000-0000-0000-000000000002',
   '00000001-0000-0000-0000-000000000005', '00000001-0000-0000-0000-000000000006',
   '{"sets":[{"team1":6,"team2":2},{"team1":7,"team2":5}]}',
   'completed', 'semifinal', 'Court Central',
   '2025-02-15 15:00:00+00', '2025-02-15 16:50:00+00', 1),

  ('00000003-0000-0000-0000-000000000003',
   '00000002-0000-0000-0000-000000000001',
   '00000001-0000-0000-0000-000000000003', '00000001-0000-0000-0000-000000000004',
   '00000001-0000-0000-0000-000000000007', '00000001-0000-0000-0000-000000000008',
   '{"sets":[{"team1":7,"team2":6},{"team1":4,"team2":6},{"team1":6,"team2":4}]}',
   'completed', 'semifinal', 'Court 1',
   '2025-02-15 13:00:00+00', '2025-02-15 15:20:00+00', 1),

  ('00000003-0000-0000-0000-000000000004',
   '00000002-0000-0000-0000-000000000001',
   '00000001-0000-0000-0000-000000000005', '00000001-0000-0000-0000-000000000006',
   '00000001-0000-0000-0000-000000000009', '00000001-0000-0000-0000-000000000010',
   '{"sets":[{"team1":6,"team2":3},{"team1":6,"team2":4}]}',
   'completed', 'quarterfinal', 'Court Central',
   '2025-02-14 14:00:00+00', '2025-02-14 15:45:00+00', 1);

-- ============================================================
-- Matches – Qatar Major (completed)
-- ============================================================
INSERT INTO matches (id, tournament_id, team1_player1, team1_player2, team2_player1, team2_player2, score, status, round, court, scheduled_at, completed_at, winner_team) VALUES
  ('00000003-0000-0000-0000-000000000005',
   '00000002-0000-0000-0000-000000000002',
   '00000001-0000-0000-0000-000000000003', '00000001-0000-0000-0000-000000000004',
   '00000001-0000-0000-0000-000000000001', '00000001-0000-0000-0000-000000000002',
   '{"sets":[{"team1":7,"team2":6},{"team1":3,"team2":6},{"team1":6,"team2":4}]}',
   'completed', 'final', 'Court Central',
   '2025-03-09 16:00:00+00', '2025-03-09 18:30:00+00', 1),

  ('00000003-0000-0000-0000-000000000006',
   '00000002-0000-0000-0000-000000000002',
   '00000001-0000-0000-0000-000000000003', '00000001-0000-0000-0000-000000000004',
   '00000001-0000-0000-0000-000000000007', '00000001-0000-0000-0000-000000000008',
   '{"sets":[{"team1":6,"team2":4},{"team1":6,"team2":2}]}',
   'completed', 'semifinal', 'Court Central',
   '2025-03-08 14:00:00+00', '2025-03-08 15:40:00+00', 1),

  ('00000003-0000-0000-0000-000000000007',
   '00000002-0000-0000-0000-000000000002',
   '00000001-0000-0000-0000-000000000001', '00000001-0000-0000-0000-000000000002',
   '00000001-0000-0000-0000-000000000011', '00000001-0000-0000-0000-000000000012',
   '{"sets":[{"team1":6,"team2":1},{"team1":6,"team2":3}]}',
   'completed', 'semifinal', 'Court 1',
   '2025-03-08 16:00:00+00', '2025-03-08 17:35:00+00', 1);

-- ============================================================
-- Matches – Zürich P1 (LIVE & upcoming)
-- ============================================================
INSERT INTO matches (id, tournament_id, team1_player1, team1_player2, team2_player1, team2_player2, score, status, round, court, scheduled_at, completed_at, winner_team) VALUES
  -- Live matches
  ('00000003-0000-0000-0000-000000000008',
   '00000002-0000-0000-0000-000000000003',
   '00000001-0000-0000-0000-000000000001', '00000001-0000-0000-0000-000000000002',
   '00000001-0000-0000-0000-000000000003', '00000001-0000-0000-0000-000000000004',
   '{"sets":[{"team1":6,"team2":4},{"team1":3,"team2":3}]}',
   'live', 'semifinal', 'Court Central',
   '2025-03-21 15:00:00+00', NULL, NULL),

  ('00000003-0000-0000-0000-000000000009',
   '00000002-0000-0000-0000-000000000003',
   '00000001-0000-0000-0000-000000000005', '00000001-0000-0000-0000-000000000006',
   '00000001-0000-0000-0000-000000000007', '00000001-0000-0000-0000-000000000008',
   '{"sets":[{"team1":4,"team2":6},{"team1":6,"team2":4},{"team1":2,"team2":2}]}',
   'live', 'semifinal', 'Court 1',
   '2025-03-21 13:00:00+00', NULL, NULL),

  -- Completed QF in Zürich
  ('00000003-0000-0000-0000-000000000010',
   '00000002-0000-0000-0000-000000000003',
   '00000001-0000-0000-0000-000000000001', '00000001-0000-0000-0000-000000000002',
   '00000001-0000-0000-0000-000000000013', '00000001-0000-0000-0000-000000000014',
   '{"sets":[{"team1":6,"team2":2},{"team1":6,"team2":4}]}',
   'completed', 'quarterfinal', 'Court Central',
   '2025-03-20 14:00:00+00', '2025-03-20 15:40:00+00', 1),

  ('00000003-0000-0000-0000-000000000011',
   '00000002-0000-0000-0000-000000000003',
   '00000001-0000-0000-0000-000000000003', '00000001-0000-0000-0000-000000000004',
   '00000001-0000-0000-0000-000000000015', '00000001-0000-0000-0000-000000000016',
   '{"sets":[{"team1":7,"team2":6},{"team1":6,"team2":3}]}',
   'completed', 'quarterfinal', 'Court 1',
   '2025-03-20 16:00:00+00', '2025-03-20 17:45:00+00', 1),

  ('00000003-0000-0000-0000-000000000012',
   '00000002-0000-0000-0000-000000000003',
   '00000001-0000-0000-0000-000000000005', '00000001-0000-0000-0000-000000000006',
   '00000001-0000-0000-0000-000000000009', '00000001-0000-0000-0000-000000000010',
   '{"sets":[{"team1":6,"team2":4},{"team1":4,"team2":6},{"team1":6,"team2":2}]}',
   'completed', 'quarterfinal', 'Court 2',
   '2025-03-20 10:00:00+00', '2025-03-20 12:10:00+00', 1),

  -- Upcoming final Zürich
  ('00000003-0000-0000-0000-000000000013',
   '00000002-0000-0000-0000-000000000003',
   '00000001-0000-0000-0000-000000000017', '00000001-0000-0000-0000-000000000018',
   '00000001-0000-0000-0000-000000000019', '00000001-0000-0000-0000-000000000020',
   '{"sets":[]}',
   'upcoming', 'final', 'Court Central',
   '2025-03-23 15:00:00+00', NULL, NULL);

-- ============================================================
-- Matches – Roma Major (upcoming)
-- ============================================================
INSERT INTO matches (id, tournament_id, team1_player1, team1_player2, team2_player1, team2_player2, score, status, round, court, scheduled_at, completed_at, winner_team) VALUES
  ('00000003-0000-0000-0000-000000000014',
   '00000002-0000-0000-0000-000000000004',
   '00000001-0000-0000-0000-000000000001', '00000001-0000-0000-0000-000000000002',
   '00000001-0000-0000-0000-000000000003', '00000001-0000-0000-0000-000000000004',
   '{"sets":[]}', 'upcoming', 'quarterfinal', 'Court Central',
   '2025-04-10 14:00:00+00', NULL, NULL),

  ('00000003-0000-0000-0000-000000000015',
   '00000002-0000-0000-0000-000000000004',
   '00000001-0000-0000-0000-000000000005', '00000001-0000-0000-0000-000000000006',
   '00000001-0000-0000-0000-000000000007', '00000001-0000-0000-0000-000000000008',
   '{"sets":[]}', 'upcoming', 'quarterfinal', 'Court 1',
   '2025-04-10 16:00:00+00', NULL, NULL),

  ('00000003-0000-0000-0000-000000000016',
   '00000002-0000-0000-0000-000000000004',
   '00000001-0000-0000-0000-000000000009', '00000001-0000-0000-0000-000000000010',
   '00000001-0000-0000-0000-000000000011', '00000001-0000-0000-0000-000000000012',
   '{"sets":[]}', 'upcoming', 'round-of-16', 'Court 2',
   '2025-04-08 10:00:00+00', NULL, NULL),

  ('00000003-0000-0000-0000-000000000017',
   '00000002-0000-0000-0000-000000000004',
   '00000001-0000-0000-0000-000000000013', '00000001-0000-0000-0000-000000000014',
   '00000001-0000-0000-0000-000000000015', '00000001-0000-0000-0000-000000000016',
   '{"sets":[]}', 'upcoming', 'round-of-16', 'Court 3',
   '2025-04-08 12:00:00+00', NULL, NULL);
